{
    "accuracy": [
        0.1328125,
        0.26171875,
        0.296875,
        0.30078125,
        0.375,
        0.359375,
        0.35546875,
        0.3671875,
        0.42578125,
        0.42578125,
        0.41015625,
        0.421875,
        0.38671875,
        0.41015625,
        0.44921875,
        0.48046875,
        0.46484375,
        0.4375,
        0.48828125,
        0.4609375,
        0.53515625,
        0.51953125,
        0.51953125,
        0.55859375,
        0.55078125,
        0.57421875,
        0.57421875,
        0.5390625,
        0.58203125,
        0.625,
        0.5859375,
        0.58984375,
        0.61328125,
        0.5625,
        0.62890625,
        0.66015625,
        0.66015625,
        0.65234375,
        0.63671875,
        0.65234375,
        0.67578125,
        0.6640625,
        0.66015625,
        0.65625,
        0.66015625,
        0.6875,
        0.69921875,
        0.734375,
        0.69140625,
        0.67578125,
        0.65625,
        0.671875,
        0.68359375,
        0.6875,
        0.71484375,
        0.69140625,
        0.671875,
        0.734375,
        0.7421875,
        0.71484375,
        0.75,
        0.71875,
        0.71484375,
        0.70703125,
        0.69140625,
        0.71875,
        0.74609375,
        0.734375,
        0.76171875,
        0.76171875,
        0.6953125,
        0.765625,
        0.7734375,
        0.7265625,
        0.74609375,
        0.7421875,
        0.765625,
        0.74609375,
        0.77734375,
        0.76171875,
        0.796875,
        0.796875,
        0.78125,
        0.75390625,
        0.76953125,
        0.78125,
        0.796875,
        0.75390625,
        0.75,
        0.78515625,
        0.8046875,
        0.75,
        0.8046875,
        0.75390625,
        0.80078125,
        0.7890625,
        0.7734375,
        0.765625,
        0.796875,
        0.796875,
        0.80859375,
        0.76171875,
        0.78515625,
        0.81640625,
        0.80078125,
        0.8046875,
        0.8046875,
        0.8125,
        0.8125,
        0.83203125,
        0.8125,
        0.78515625,
        0.8046875,
        0.796875,
        0.828125,
        0.7890625,
        0.78125,
        0.76953125,
        0.8125,
        0.82421875,
        0.83984375,
        0.80078125,
        0.8203125,
        0.81640625,
        0.81640625,
        0.84765625,
        0.80078125,
        0.78125
    ],
    "loss": [
        2.2215235233306885,
        2.0619773864746094,
        1.9555814266204834,
        1.8589799404144287,
        1.7478562593460083,
        1.6679387092590332,
        1.7002838850021362,
        1.6369775533676147,
        1.5941040515899658,
        1.536628246307373,
        1.5530647039413452,
        1.5410312414169312,
        1.5625628232955933,
        1.529625654220581,
        1.418484091758728,
        1.463792324066162,
        1.4463942050933838,
        1.4095919132232666,
        1.3336727619171143,
        1.3798211812973022,
        1.3018687963485718,
        1.2677230834960938,
        1.2428250312805176,
        1.2333177328109741,
        1.2543498277664185,
        1.171891689300537,
        1.2036086320877075,
        1.1843339204788208,
        1.1669814586639404,
        1.0699286460876465,
        1.0913708209991455,
        1.0628427267074585,
        1.0768461227416992,
        1.1180849075317383,
        1.054776906967163,
        1.0098464488983154,
        0.9655794501304626,
        0.9815754890441895,
        1.0201010704040527,
        0.9608791470527649,
        0.9516299366950989,
        0.9750853776931763,
        0.9241799712181091,
        0.9549676775932312,
        0.9216763973236084,
        0.9086724519729614,
        0.8488284945487976,
        0.825839102268219,
        0.8563467264175415,
        0.8502016067504883,
        0.8905571103096008,
        0.8830382823944092,
        0.8562214374542236,
        0.8716210722923279,
        0.7856037020683289,
        0.8181145191192627,
        0.8267298340797424,
        0.8251071572303772,
        0.7554710507392883,
        0.763505756855011,
        0.7449427247047424,
        0.7299472093582153,
        0.7754172682762146,
        0.7819347977638245,
        0.8190178871154785,
        0.8265699744224548,
        0.7125120162963867,
        0.7256972789764404,
        0.6856518387794495,
        0.702247142791748,
        0.7833006978034973,
        0.7070255279541016,
        0.6615722179412842,
        0.7259377837181091,
        0.6787091493606567,
        0.735546886920929,
        0.6500512361526489,
        0.7064811587333679,
        0.6121271252632141,
        0.6588826179504395,
        0.5773763060569763,
        0.6153746843338013,
        0.6073139905929565,
        0.6316465139389038,
        0.607983410358429,
        0.6365451812744141,
        0.5820274949073792,
        0.6922869086265564,
        0.6897644996643066,
        0.5995049476623535,
        0.5903401970863342,
        0.6388117074966431,
        0.5870649218559265,
        0.6130826473236084,
        0.6511927843093872,
        0.5957518815994263,
        0.589331865310669,
        0.6181849837303162,
        0.5468313694000244,
        0.5388703346252441,
        0.5061836838722229,
        0.6524659395217896,
        0.5346539616584778,
        0.5539171099662781,
        0.5351618528366089,
        0.5725715756416321,
        0.5241531133651733,
        0.5250510573387146,
        0.5412430167198181,
        0.47346460819244385,
        0.5428574085235596,
        0.6019666790962219,
        0.5329229831695557,
        0.5561918616294861,
        0.5550622940063477,
        0.538329005241394,
        0.5274420976638794,
        0.5436946153640747,
        0.48526573181152344,
        0.5237081050872803,
        0.456601083278656,
        0.5165729522705078,
        0.4750227928161621,
        0.4511820077896118,
        0.5205011367797852,
        0.4471767544746399,
        0.5082973837852478,
        0.5536279678344727
    ]
}